DATA;CD_GEOCMU;CD_GEOCMU6DIG;NM_MUNICIP;NM_MUNICIP2;NRS;NM_RS;LONG;LAT;CASO_CONF;CASO_ACOMP;CASO_TOTAL;CURADOS;ATIVOS;OBITO_ACUM;DIAS_ULTIMO_CASO;POP_MUN;OBITO_NOVO;LETALIDADE;PREVALENCIA
2021-09-03;2900108;290010;ABAÍRA;Abaíra;Centro-leste;Seabra;-41,742894;-13,296569;298;0;298;289;0;12;4;8710;0;4,03;3421,35
2021-09-03;2900207;290020;ABARÉ;Abaré;Norte;Paulo Afonso;-39,317693;-8,83354;1024;0;1024;1012;1;11;5;20347;0;1,07;5032,68
2021-09-03;2900306;290030;ACAJUTIBA;Acajutiba;Nordeste;Alagoinhas;-38,000531;-11,663172;573;0;573;555;0;20;3;15187;0;3,49;3772,96
2021-09-03;2900355;290035;ADUSTINA;Adustina;Nordeste;Ribeira do Pombal;-38,037088;-10,562382;1070;0;1070;1043;0;27;1;17126;0;2,52;6247,81
2021-09-03;2900405;290040;ÁGUA FRIA;Água Fria;Centro-leste;Serrinha;-38,71045;-11,823137;204;0;204;191;0;13;8;17033;0;6,37;1197,68
2021-09-03;2900504;290050;ÉRICO CARDOSO;Érico Cardoso;Sudoeste;Brumado;-42,067321;-13,400215;327;0;327;324;0;4;9;10560;0;1,22;3096,59
2021-09-03;2900603;290060;AIQUARA;Aiquara;Sul;Jequié;-39,880862;-14,091819;501;0;501;485;4;12;2;4416;0;2,4;11345,11
2021-09-03;2900702;290070;ALAGOINHAS;Alagoinhas;Nordeste;Alagoinhas;-38,402259;-12,113185;14529;1;14530;14184;23;322;0;152327;0;2,22;9538,03
2021-09-03;2900801;290080;ALCOBAÇA;Alcobaça;Extremo sul;Teixeira de Freitas;-39,409063;-17,468989;1723;6;1729;1692;1;30;1;22490;0;1,74;7661,18
2021-09-03;2900900;290090;ALMADINA;Almadina;Sul;Itabuna;-39,664093;-14,701273;636;0;636;624;2;10;13;5366;0;1,57;11852,4
2021-09-03;2901007;290100;AMARGOSA;Amargosa;Leste;Santo Antônio de Jesus;-39,626296;-13,040884;3205;0;3205;3138;11;56;0;37441;0;1,75;8560,13
2021-09-03;2901106;290110;AMÉLIA RODRIGUES;Amélia Rodrigues;Centro-leste;Feira de Santana;-38,718124;-12,420497;2346;1;2347;2298;1;47;2;25048;0;2;9366,02
2021-09-03;2901155;290115;AMÉRICA DOURADA;América Dourada;Centro-norte;Irecê;-41,522923;-11,406196;950;0;950;936;1;13;5;16090;0;1,37;5904,29
2021-09-03;2901205;290120;ANAGÉ;Anagé;Sudoeste;Vitória da Conquista;-40,970846;-14,590126;1118;0;1118;1068;21;29;0;21607;0;2,59;5174,25
2021-09-03;2901304;290130;ANDARAÍ;Andaraí;Centro-leste;Itaberaba;-41,215092;-12,733629;948;0;948;937;1;10;1;13132;0;1,05;7219,01
2021-09-03;2901353;290135;ANDORINHA;Andorinha;Norte;Senhor do Bonfim;-39,871901;-10,280762;966;0;966;947;2;17;8;14503;0;1,76;6660,69
2021-09-03;2901403;290140;ANGICAL;Angical;Oeste;Barreiras;-44,647724;-11,996639;731;0;731;708;4;19;0;13938;1;2,6;5244,65
2021-09-03;2901502;290150;ANGUERA;Anguera;Centro-leste;Feira de Santana;-39,192832;-12,182974;498;0;498;493;3;2;18;11297;0;0,4;4408,25
2021-09-03;2901601;290160;ANTAS;Antas;Nordeste;Ribeira do Pombal;-38,294029;-10,406571;1318;0;1318;1303;2;13;10;19479;0;0,99;6766,26
2021-09-03;2901700;290170;ANTÔNIO CARDOSO;Antônio Cardoso;Centro-leste;Feira de Santana;-39,147051;-12,379795;625;1;626;611;3;11;2;11677;0;1,76;5352,4
2021-09-03;2901809;290180;ANTÔNIO GONÇALVES;Antônio Gonçalves;Norte;Senhor do Bonfim;-40,362365;-10,601509;916;0;916;905;1;10;12;11878;0;1,09;7711,74
2021-09-03;2901908;290190;APORÁ;Aporá;Nordeste;Alagoinhas;-38,193803;-11,731565;645;0;645;630;0;19;7;17788;0;2,95;3626,04
2021-09-03;2901957;290195;APUAREMA;Apuarema;Sul;Jequié;-39,75157;-13,820034;775;0;775;767;0;10;7;7302;0;1,29;10613,53
2021-09-03;2902005;290200;ARACATU;Aracatu;Sudoeste;Brumado;-41,374548;-14,371226;894;1;895;879;0;18;0;13045;0;2,01;6853,2
2021-09-03;2902054;290205;ARAÇAS;Araças;Nordeste;Alagoinhas;-38,212521;-12,172959;717;0;717;701;0;17;1;12208;0;2,37;5873,2
2021-09-03;2902104;290210;ARACI;Araci;Centro-leste;Serrinha;-39,064595;-11,212404;3706;0;3706;3654;0;53;0;54648;0;1,43;6781,58
2021-09-03;2902203;290220;ARAMARI;Aramari;Nordeste;Alagoinhas;-38,524985;-12,050722;672;0;672;659;0;13;8;11461;1;1,93;5863,36
2021-09-03;2902252;290225;ARATACA;Arataca;Sul;Ilhéus;-39,41218;-15,243275;790;0;790;775;0;15;14;10961;0;1,9;7207,37
2021-09-03;2902302;290230;ARATUÍPE;Aratuípe;Leste;Santo Antônio de Jesus;-39,069429;-13,08463;487;1;488;476;0;11;1;8837;0;2,26;5510,92
2021-09-03;2902401;290240;AURELINO LEAL;Aurelino Leal;Sul;Itabuna;-39,478263;-14,362134;1031;1;1032;999;0;33;3;11299;0;3,2;9124,7
2021-09-03;2902500;290250;BAIANÓPOLIS;Baianópolis;Oeste;Barreiras;-44,44023;-12,657125;931;0;931;912;1;18;0;13929;0;1,93;6683,9
2021-09-03;2902609;290260;BAIXA GRANDE;Baixa Grande;Centro-leste;Feira de Santana;-40,152775;-11,96475;890;0;890;873;1;16;0;20449;0;1,8;4352,29
2021-09-03;2902658;290265;BANZAÊ;Banzaê;Nordeste;Ribeira do Pombal;-38,654344;-10,616472;1193;0;1193;1180;4;9;2;13240;0;0,75;9010,57
2021-09-03;2902708;290270;BARRA;Barra;Oeste;Ibotirama;-43,366169;-11,030863;2262;1;2263;2197;3;62;6;53910;0;2,74;4195,88
2021-09-03;2902807;290280;BARRA DA ESTIVA;Barra da Estiva;Sudoeste;Brumado;-41,098092;-13,650485;2824;0;2824;2784;7;33;2;20392;0;1,17;13848,57
2021-09-03;2902906;290290;BARRA DO CHOÇA;Barra do Choça;Sudoeste;Vitória da Conquista;-40,581198;-14,912901;2299;0;2299;2249;15;35;0;31209;0;1,52;7366,46
2021-09-03;2903003;290300;BARRA DO MENDES;Barra do Mendes;Centro-norte;Irecê;-42,114404;-11,96709;826;0;826;809;2;15;2;13833;0;1,82;5971,23
2021-09-03;2903102;290310;BARRA DO ROCHA;Barra do Rocha;Sul;Jequié;-39,587949;-14,10248;410;0;410;403;0;7;6;5612;0;1,71;7305,77
2021-09-03;2903201;290320;BARREIRAS;Barreiras;Oeste;Barreiras;-45,525105;-12,0176;19799;2;19801;19418;54;327;0;156975;0;1,65;12612,84
2021-09-03;2903235;290323;BARRO ALTO;Barro Alto;Centro-norte;Irecê;-41,836786;-11,847992;926;0;926;914;0;13;32;15054;0;1,4;6151,19
2021-09-03;2903276;290327;BARROCAS;Barrocas;Centro-leste;Serrinha;-39,09492;-11,538041;840;0;840;805;11;24;1;16105;0;2,86;5215,77
2021-09-03;2903300;290330;BARRO PRETO;Barro Preto;Sul;Itabuna;-39,444728;-14,775862;636;0;636;621;3;12;5;5448;0;1,89;11674,01
2021-09-03;2903409;290340;BELMONTE;Belmonte;Extremo sul;Porto Seguro;-39,177271;-15,935417;1200;0;1200;1161;13;26;1;23437;0;2,17;5120,11
2021-09-03;2903508;290350;BELO CAMPO;Belo Campo;Sudoeste;Vitória da Conquista;-41,20384;-14,998514;986;0;986;968;0;18;7;17109;0;1,83;5763,05
2021-09-03;2903607;290360;BIRITINGA;Biritinga;Centro-leste;Serrinha;-38,792633;-11,585323;602;0;602;596;0;7;5;15984;0;1,16;3766,27
2021-09-03;2903706;290370;BOA NOVA;Boa Nova;Sul;Jequié;-40,230115;-14,360234;1035;0;1035;1011;5;19;7;12329;0;1,84;8394,84
2021-09-03;2903805;290380;BOA VISTA DO TUPIM;Boa Vista do Tupim;Centro-leste;Itaberaba;-40,670227;-12,770168;290;0;290;281;0;11;4;18531;0;3,79;1564,95
2021-09-03;2903904;290390;BOM JESUS DA LAPA;Bom Jesus da Lapa;Oeste;Santa Maria da Vitória;-43,293387;-13,277147;6135;0;6135;6034;6;95;0;69662;0;1,55;8806,81
2021-09-03;2903953;290395;BOM JESUS DA SERRA;Bom Jesus da Serra;Sudoeste;Vitória da Conquista;-40,577361;-14,389879;487;0;487;477;1;9;12;9823;0;1,85;4957,75
2021-09-03;2904001;290400;BONINAL;Boninal;Centro-leste;Seabra;-41,802498;-12,776673;673;0;673;662;3;8;2;14446;0;1,19;4658,73
2021-09-03;2904050;290405;BONITO;Bonito;Centro-leste;Itaberaba;-41,320414;-11,969278;894;0;894;871;9;14;0;16884;0;1,57;5294,95
2021-09-03;2904100;290410;BOQUIRA;Boquira;Sudoeste;Brumado;-42,722289;-12,74112;884;0;884;862;2;20;1;21497;0;2,26;4112,2
2021-09-03;2904209;290420;BOTUPORÃ;Botuporã;Sudoeste;Brumado;-42,534706;-13,32623;452;0;452;447;0;5;12;10129;0;1,11;4462,43
2021-09-03;2904308;290430;BREJÕES;Brejões;Sul;Jequié;-39,850783;-13,075374;863;0;863;847;4;12;3;14222;0;1,39;6068,06
2021-09-03;2904407;290440;BREJOLÂNDIA;Brejolândia;Oeste;Barreiras;-43,824764;-12,499374;146;0;146;138;0;11;31;10618;0;7,53;1375,02
2021-09-03;2904506;290450;BROTAS DE MACAÚBAS;Brotas de Macaúbas;Oeste;Ibotirama;-42,46516;-12,086689;288;3;291;283;0;8;0;10130;0;2,78;2843,04
2021-09-03;2904605;290460;BRUMADO;Brumado;Sudoeste;Brumado;-41,689077;-14,167943;9688;0;9688;9484;5;199;0;67335;1;2,05;14387,76
2021-09-03;2904704;290470;BUERAREMA;Buerarema;Sul;Itabuna;-39,269578;-14,996443;1368;0;1368;1311;12;45;1;18306;0;3,29;7472,96
2021-09-03;2904753;290475;BURITIRAMA;Buritirama;Oeste;Ibotirama;-43,66763;-10,588126;850;0;850;826;1;23;40;21276;0;2,71;3995,11
2021-09-03;2904803;290480;CAATIBA;Caatiba;Sudoeste;Itapetinga;-40,364107;-14,995802;953;0;953;937;1;15;8;6488;0;1,57;14688,66
2021-09-03;2904852;290485;CABACEIRAS DO PARAGUAÇU;Cabaceiras do Paraguaçu;Leste;Cruz das Almas;-39,192485;-12,564274;766;0;766;760;1;5;6;18911;0;0,65;4050,55
2021-09-03;2904902;290490;CACHOEIRA;Cachoeira;Leste;Cruz das Almas;-38,884757;-12,640864;1738;1;1739;1698;10;30;0;33567;0;1,73;5177,7
2021-09-03;2905008;290500;CACULÉ;Caculé;Sudoeste;Guanambi;-42,28505;-14,48289;2630;0;2630;2600;9;21;0;23291;0;0,8;11291,92
2021-09-03;2905107;290510;CAÉM;Caém;Centro-norte;Jacobina;-40,291104;-11,143067;494;0;494;485;2;7;10;9058;0;1,42;5453,74
2021-09-03;2905156;290515;CAETANOS;Caetanos;Sudoeste;Vitória da Conquista;-40,915807;-14,325683;754;0;754;737;7;10;0;14608;0;1,33;5161,56
2021-09-03;2905206;290520;CAETITÉ;Caetité;Sudoeste;Guanambi;-42,476638;-13,947968;3979;5;3984;3925;12;42;0;51081;0;1,06;7789,59
2021-09-03;2905305;290530;CAFARNAUM;Cafarnaum;Centro-norte;Irecê;-41,501449;-11,733822;919;0;919;896;0;23;6;18513;0;2,5;4964,08
2021-09-03;2905404;290540;CAIRU;Cairu;Sul;Valença;-38,983431;-13,50687;1561;0;1561;1547;0;16;0;18427;0;1,02;8471,26
2021-09-03;2905503;290550;CALDEIRÃO GRANDE;Caldeirão Grande;Centro-norte;Jacobina;-40,22183;-11,039859;569;0;569;562;1;6;23;13391;0;1,05;4249,12
2021-09-03;2905602;290560;CAMACAN;Camacan;Sul;Itabuna;-39,518677;-15,444373;3032;0;3032;2907;38;87;0;32006;0;2,87;9473,22
2021-09-03;2905701;290570;CAMAÇARI;Camaçari;Leste;Camaçari;-38,206303;-12,666005;24755;1;24756;24079;56;620;0;304302;0;2,5;8135,01
2021-09-03;2905800;290580;CAMAMU;Camamu;Sul;Valença;-39,164186;-14,012552;2491;0;2491;2428;6;57;0;35382;0;2,29;7040,3
2021-09-03;2905909;290590;CAMPO ALEGRE DE LOURDES;Campo Alegre de Lourdes;Norte;Juazeiro;-43,174908;-9,551413;1007;10;1017;960;13;34;0;28820;0;3,38;3494,1
2021-09-03;2906006;290600;CAMPO FORMOSO;Campo Formoso;Norte;Senhor do Bonfim;-40,728936;-10,251063;5327;0;5327;5242;10;75;1;71487;0;1,41;7451,7
2021-09-03;2906105;290610;CANÁPOLIS;Canápolis;Oeste;Santa Maria da Vitória;-44,20356;-13,096592;425;1;426;416;2;7;0;9703;0;1,65;4380,09
2021-09-03;2906204;290620;CANARANA;Canarana;Centro-norte;Irecê;-41,699629;-11,752949;1493;0;1493;1455;1;37;13;26325;0;2,48;5671,42
2021-09-03;2906303;290630;CANAVIEIRAS;Canavieiras;Sul;Ilhéus;-39,108826;-15,651539;1536;0;1536;1455;6;75;0;30906;0;4,88;4969,91
2021-09-03;2906402;290640;CANDEAL;Candeal;Centro-leste;Feira de Santana;-39,190758;-11,87112;656;0;656;651;2;3;7;8181;0;0,46;8018,58
2021-09-03;2906501;290650;CANDEIAS;Candeias;Leste;Salvador;-38,481201;-12,678372;8332;4;8336;8136;2;194;1;87458;1;2,33;9526,86
2021-09-03;2906600;290660;CANDIBA;Candiba;Sudoeste;Guanambi;-42,83174;-14,404202;790;0;790;766;8;16;0;14368;0;2,03;5498,33
2021-09-03;2906709;290670;CÂNDIDO SALES;Cândido Sales;Sudoeste;Vitória da Conquista;-41,269495;-15,355082;2013;0;2013;1958;4;51;0;25053;0;2,53;8034,97
2021-09-03;2906808;290680;CANSANÇÃO;Cansanção;Centro-leste;Serrinha;-39,47272;-10,726929;984;0;984;933;13;38;1;34882;0;3,86;2820,94
2021-09-03;2906824;290682;CANUDOS;Canudos;Norte;Juazeiro;-38,991703;-10,064129;818;0;818;801;1;16;0;16753;0;1,96;4882,71
2021-09-03;2906857;290685;CAPELA DO ALTO ALEGRE;Capela do Alto Alegre;Centro-leste;Feira de Santana;-39,824964;-11,672263;914;3;917;897;0;17;0;11616;0;1,86;7868,46
2021-09-03;2906873;290687;CAPIM GROSSO;Capim Grosso;Centro-norte;Jacobina;-39,9959;-11,306288;3658;6;3664;3622;5;31;1;30862;0;0,85;11852,76
2021-09-03;2906899;290689;CARAÍBAS;Caraíbas;Sudoeste;Vitória da Conquista;-41,283716;-14,62557;359;0;359;342;11;6;0;8801;0;1,67;4079,08
2021-09-03;2906907;290690;CARAVELAS;Caravelas;Extremo sul;Teixeira de Freitas;-39,688811;-17,657525;1486;4;1490;1474;0;14;2;22093;0;0,94;6726,11
2021-09-03;2907004;290700;CARDEAL DA SILVA;Cardeal da Silva;Nordeste;Alagoinhas;-37,938426;-12,043037;392;0;392;386;1;5;20;9346;0;1,28;4194,31
2021-09-03;2907103;290710;CARINHANHA;Carinhanha;Sudoeste;Guanambi;-43,848505;-14,020929;1384;0;1384;1353;0;33;0;29070;0;2,38;4760,92
2021-09-03;2907202;290720;CASA NOVA;Casa Nova;Norte;Juazeiro;-41,336482;-9,240251;2915;1;2916;2847;0;68;0;72545;0;2,33;4018,2
2021-09-03;2907301;290730;CASTRO ALVES;Castro Alves;Leste;Santo Antônio de Jesus;-39,363997;-12,731626;2247;0;2247;2208;0;41;1;26318;0;1,82;8537,88
2021-09-03;2907400;290740;CATOLÂNDIA;Catolândia;Oeste;Barreiras;-44,697323;-12,273449;238;0;238;237;0;1;37;3599;0;0,42;6612,95
2021-09-03;2907509;290750;CATU;Catu;Nordeste;Alagoinhas;-38,4129;-12,330569;6657;0;6657;6541;16;100;1;54970;0;1,5;12110,24
2021-09-03;2907558;290755;CATURAMA;Caturama;Sudoeste;Brumado;-42,319417;-13,233462;274;0;274;268;0;7;28;9316;0;2,55;2941,18
2021-09-03;2907608;290760;CENTRAL;Central;Centro-norte;Irecê;-42,112427;-11,151291;482;0;482;463;1;18;7;17280;0;3,73;2789,35
2021-09-03;2907707;290770;CHORROCHÓ;Chorrochó;Norte;Paulo Afonso;-39,18911;-9,271707;326;0;326;315;0;13;21;11200;0;3,99;2910,71
2021-09-03;2907806;290780;CÍCERO DANTAS;Cícero Dantas;Nordeste;Ribeira do Pombal;-38,452541;-10,51386;2387;2;2389;2331;9;47;0;32576;0;1,97;7327,48
2021-09-03;2907905;290790;CIPÓ;Cipó;Nordeste;Ribeira do Pombal;-38,520942;-11,113238;1062;0;1062;1031;16;15;0;17352;0;1,41;6120,33
2021-09-03;2908002;290800;COARACI;Coaraci;Sul;Itabuna;-39,593191;-14,631827;1887;1;1888;1828;11;48;6;16549;0;2,54;11402,5
2021-09-03;2908101;290810;COCOS;Cocos;Oeste;Santa Maria da Vitória;-45,219945;-14,496929;998;2;1000;975;6;17;0;18807;0;1,7;5306,53
2021-09-03;2908200;290820;CONCEIÇÃO DA FEIRA;Conceição da Feira;Leste;Cruz das Almas;-38,99976;-12,504863;1784;0;1784;1750;2;32;0;22762;0;1,79;7837,62
2021-09-03;2908309;290830;CONCEIÇÃO DO ALMEIDA;Conceição do Almeida;Leste;Santo Antônio de Jesus;-39,245601;-12,859902;2633;0;2633;2600;5;28;0;17165;0;1,06;15339,35
2021-09-03;2908408;290840;CONCEIÇÃO DO COITÉ;Conceição do Coité;Centro-leste;Serrinha;-39,24982;-11,524123;8235;1;8236;8180;9;46;0;67013;0;0,56;12288,66
2021-09-03;2908507;290850;CONCEIÇÃO DO JACUÍPE;Conceição do Jacuípe;Centro-leste;Feira de Santana;-38,740052;-12,337865;3317;0;3317;3281;0;37;1;33398;0;1,12;9931,73
2021-09-03;2908606;290860;CONDE;Conde;Leste;Camaçari;-37,677595;-11,827736;1070;0;1070;1053;1;16;6;26035;0;1,5;4109,85
2021-09-03;2908705;290870;CONDEÚBA;Condeúba;Sudoeste;Vitória da Conquista;-42,051037;-14,92144;1373;0;1373;1344;0;30;0;17178;0;2,18;7992,78
2021-09-03;2908804;290880;CONTENDAS DO SINCORÁ;Contendas do Sincorá;Sudoeste;Brumado;-41,093652;-13,838346;296;0;296;290;0;6;16;4045;0;2,03;7317,68
2021-09-03;2908903;290890;CORAÇÃO DE MARIA;Coração de Maria;Centro-leste;Feira de Santana;-38,783108;-12,210649;1843;2;1845;1823;0;22;12;22495;0;1,19;8192,93
2021-09-03;2909000;290900;CORDEIROS;Cordeiros;Sudoeste;Vitória da Conquista;-41,908245;-15,040971;720;0;720;711;3;6;1;8642;0;0,83;8331,4
2021-09-03;2909109;290910;CORIBE;Coribe;Oeste;Santa Maria da Vitória;-44,376295;-13,814335;1102;2;1104;1084;1;17;0;14149;1;1,54;7788,54
2021-09-03;2909208;290920;CORONEL JOÃO SÁ;Coronel João Sá;Nordeste;Ribeira do Pombal;-37,959383;-10,264456;1388;0;1388;1367;3;18;20;15717;0;1,3;8831,2
2021-09-03;2909307;290930;CORRENTINA;Correntina;Oeste;Santa Maria da Vitória;-45,394992;-13,467029;3090;0;3090;3036;11;43;0;32191;0;1,39;9598,96
2021-09-03;2909406;290940;COTEGIPE;Cotegipe;Oeste;Barreiras;-44,327996;-11,711115;789;0;789;761;7;21;0;13769;0;2,66;5730,26
2021-09-03;2909505;290950;CRAVOLÂNDIA;Cravolândia;Sul;Jequié;-39,784462;-13,424003;466;0;466;464;0;2;0;5351;0;0,43;8708,65
2021-09-03;2909604;290960;CRISÓPOLIS;Crisópolis;Nordeste;Alagoinhas;-38,172579;-11,518071;435;0;435;420;0;16;7;21163;0;3,68;2055,47
2021-09-03;2909703;290970;CRISTÓPOLIS;Cristópolis;Oeste;Barreiras;-44,258845;-12,193995;918;0;918;907;1;10;0;13947;0;1,09;6582,06
2021-09-03;2909802;290980;CRUZ DAS ALMAS;Cruz das Almas;Leste;Cruz das Almas;-39,117912;-12,683035;5452;0;5452;5370;15;67;0;63591;0;1,23;8573,54
2021-09-03;2909901;290990;CURAÇÁ;Curaçá;Norte;Juazeiro;-39,650984;-9,220987;1289;1;1290;1261;0;29;0;34886;0;2,25;3694,89
2021-09-03;2910008;291000;DÁRIO MEIRA;Dário Meira;Sul;Jequié;-39,988006;-14,404981;961;0;961;942;0;20;1;10525;0;2,08;9130,64
2021-09-03;2910057;291005;DIAS D'ÁVILA;Dias d'Ávila;Leste;Camaçari;-38,282656;-12,601455;5800;1;5801;5636;4;160;0;82432;0;2,76;7036,1
2021-09-03;2910107;291010;DOM BASÍLIO;Dom Basílio;Sudoeste;Brumado;-41,712103;-13,856283;1066;0;1066;1051;0;16;5;12240;0;1,5;8709,15
2021-09-03;2910206;291020;DOM MACEDO COSTA;Dom Macedo Costa;Leste;Santo Antônio de Jesus;-39,17396;-12,912355;384;0;384;379;0;7;19;4065;0;1,82;9446,49
2021-09-03;2910305;291030;ELÍSIO MEDRADO;Elísio Medrado;Leste;Santo Antônio de Jesus;-39,526335;-12,934872;589;0;589;578;2;9;1;8126;0;1,53;7248,34
2021-09-03;2910404;291040;ENCRUZILHADA;Encruzilhada;Sudoeste;Vitória da Conquista;-40,999912;-15,594912;716;0;716;698;0;20;5;16446;0;2,79;4353,64
2021-09-03;2910503;291050;ENTRE RIOS;Entre Rios;Nordeste;Alagoinhas;-38,048376;-12,063435;1821;1;1822;1777;0;46;5;41901;0;2,53;4345,96
2021-09-03;2910602;291060;ESPLANADA;Esplanada;Nordeste;Alagoinhas;-37,88534;-11,931246;2118;0;2118;2081;2;35;0;37578;0;1,65;5636,28
2021-09-03;2910701;291070;EUCLIDES DA CUNHA;Euclides da Cunha;Centro-leste;Serrinha;-38,915095;-10,466805;3579;2;3581;3501;16;62;0;60858;0;1,73;5880,9
2021-09-03;2910727;291072;EUNÁPOLIS;Eunápolis;Extremo sul;Porto Seguro;-39,606119;-16,298752;12494;4;12498;12229;42;223;0;114396;0;1,78;10921,71
2021-09-03;2910750;291075;FÁTIMA;Fátima;Nordeste;Ribeira do Pombal;-38,201348;-10,593623;1208;1;1209;1189;5;14;0;17845;0;1,16;6769,4
2021-09-03;2910776;291077;FEIRA DA MATA;Feira da Mata;Sudoeste;Santa Maria da Vitória;-44,232219;-14,13174;292;0;292;289;0;4;0;5661;0;1,37;5158,1
2021-09-03;2910800;291080;FEIRA DE SANTANA;Feira de Santana;Centro-leste;Feira de Santana;-39,03399;-12,193076;54680;75;54755;53475;154;1051;0;619609;0;1,92;8824,92
2021-09-03;2910859;291085;FILADÉLFIA;Filadélfia;Norte;Senhor do Bonfim;-40,136915;-10,72321;1062;0;1062;1032;0;30;0;16345;0;2,82;6497,4
2021-09-03;2910909;291090;FIRMINO ALVES;Firmino Alves;Sudoeste;Itapetinga;-39,911313;-14,93082;424;0;424;412;2;10;21;5629;0;2,36;7532,42
2021-09-03;2911006;291100;FLORESTA AZUL;Floresta Azul;Sul;Itabuna;-39,71747;-14,841852;839;0;839;816;4;19;0;10575;0;2,26;7933,81
2021-09-03;2911105;291110;FORMOSA DO RIO PRETO;Formosa do Rio Preto;Oeste;Barreiras;-45,755647;-11,016713;1487;1;1488;1454;3;30;0;25857;0;2,02;5750,86
2021-09-03;2911204;291120;GANDU;Gandu;Sul;Valença;-39,482691;-13,788685;3049;1;3050;2987;4;58;3;32596;0;1,9;9353,91
2021-09-03;2911253;291125;GAVIÃO;Gavião;Centro-leste;Feira de Santana;-39,75734;-11,508884;414;2;416;402;10;2;0;4440;0;0,48;9324,32
2021-09-03;2911303;291130;GENTIO DO OURO;Gentio do Ouro;Centro-norte;Irecê;-42,605208;-11,410248;600;0;600;585;3;12;13;11259;0;2;5329,07
2021-09-03;2911402;291140;GLÓRIA;Glória;Norte;Paulo Afonso;-38,444762;-9,229366;1210;0;1210;1181;3;26;1;15234;0;2,15;7942,76
2021-09-03;2911501;291150;GONGOGI;Gongogi;Sul;Itabuna;-39,5819;-14,280589;761;0;761;738;5;18;0;6985;0;2,37;10894,77
2021-09-03;2911600;291160;GOVERNADOR MANGABEIRA;Governador Mangabeira;Leste;Cruz das Almas;-39,072351;-12,583363;1201;3;1204;1187;0;18;0;20762;0;1,5;5784,61
2021-09-03;2911659;291165;GUAJERU;Guajeru;Sudoeste;Brumado;-41,986432;-14,558969;363;0;363;359;0;5;12;6646;0;1,38;5461,93
2021-09-03;2911709;291170;GUANAMBI;Guanambi;Sudoeste;Guanambi;-42,820036;-14,203957;11088;0;11088;10929;30;129;0;84928;0;1,16;13055,76
2021-09-03;2911808;291180;GUARATINGA;Guaratinga;Extremo sul;Porto Seguro;-39,937689;-16,553191;1522;2;1524;1467;11;44;0;20700;0;2,89;7352,66
2021-09-03;2911857;291185;HELIÓPOLIS;Heliópolis;Nordeste;Ribeira do Pombal;-38,314226;-10,746774;1031;0;1031;1017;1;13;0;12987;0;1,26;7938,71
2021-09-03;2911907;291190;IAÇU;Iaçu;Centro-leste;Itaberaba;-40,113094;-12,813534;1954;0;1954;1914;0;40;0;24121;0;2,05;8100,83
2021-09-03;2912004;291200;IBIASSUCÊ;Ibiassucê;Sudoeste;Guanambi;-42,305379;-14,291531;1079;0;1079;1068;6;5;0;9031;0;0,46;11947,74
2021-09-03;2912103;291210;IBICARAÍ;Ibicaraí;Sul;Itabuna;-39,568453;-14,848768;2226;0;2226;2157;6;63;1;21378;0;2,83;10412,57
2021-09-03;2912202;291220;IBICOARA;Ibicoara;Sudoeste;Brumado;-41,327893;-13,380991;1022;1;1023;1010;1;11;0;19786;0;1,08;5165,27
2021-09-03;2912301;291230;IBICUÍ;Ibicuí;Sudoeste;Itapetinga;-39,863785;-14,641894;1270;0;1270;1244;0;27;0;16230;0;2,13;7825,02
2021-09-03;2912400;291240;IBIPEBA;Ibipeba;Centro-norte;Irecê;-42,18177;-11,570748;1026;1;1027;1011;2;13;5;18319;0;1,27;5600,74
2021-09-03;2912509;291250;IBIPITANGA;Ibipitanga;Sudoeste;Brumado;-42,359693;-12,859347;1298;0;1298;1270;6;22;0;14947;0;1,69;8684,02
2021-09-03;2912608;291260;IBIQUERA;Ibiquera;Centro-leste;Itaberaba;-40,884782;-12,603191;150;0;150;146;0;6;4;4046;0;4;3707,37
2021-09-03;2912707;291270;IBIRAPITANGA;Ibirapitanga;Sul;Itabuna;-39,435696;-14,060704;1757;0;1757;1713;5;39;14;23404;0;2,22;7507,26
2021-09-03;2912806;291280;IBIRAPUÃ;Ibirapuã;Extremo sul;Teixeira de Freitas;-40,012795;-17,743014;1153;0;1153;1139;0;16;15;8690;0;1,39;13268,12
2021-09-03;2912905;291290;IBIRATAIA;Ibirataia;Sul;Jequié;-39,626167;-13,975981;2376;0;2376;2337;0;41;0;14882;0;1,73;15965,6
2021-09-03;2913002;291300;IBITIARA;Ibitiara;Centro-leste;Seabra;-42,282694;-12,575885;811;0;811;787;14;10;0;16403;0;1,23;4944,22
2021-09-03;2913101;291310;IBITITÁ;Ibititá;Centro-norte;Irecê;-41,915125;-11,579049;1483;1;1484;1456;1;26;7;17080;0;1,75;8682,67
2021-09-03;2913200;291320;IBOTIRAMA;Ibotirama;Oeste;Ibotirama;-43,204764;-12,038551;1360;0;1360;1311;1;48;6;27003;0;3,53;5036,48
2021-09-03;2913309;291330;ICHU;Ichu;Centro-leste;Feira de Santana;-39,152341;-11,731511;443;0;443;432;7;4;2;6220;0;0,9;7122,19
2021-09-03;2913408;291340;IGAPORÃ;Igaporã;Sudoeste;Guanambi;-42,704146;-13,863066;522;0;522;500;0;23;16;15650;0;4,41;3335,46
2021-09-03;2913457;291345;IGRAPIÚNA;Igrapiúna;Sul;Valença;-39,205528;-13,870951;791;0;791;776;1;14;1;13091;0;1,77;6042,32
2021-09-03;2913507;291350;IGUAÍ;Iguaí;Sudoeste;Itapetinga;-40,06587;-14,632365;1175;0;1175;1134;2;39;1;26963;0;3,32;4357,82
2021-09-03;2913606;291360;ILHÉUS;Ilhéus;Sul;Ilhéus;-39,191802;-14,752743;21920;7;21927;21338;8;574;0;159923;0;2,62;13706,6
2021-09-03;2913705;291370;INHAMBUPE;Inhambupe;Nordeste;Alagoinhas;-38,403839;-11,805114;2589;0;2589;2538;8;43;0;40333;0;1,66;6419,06
2021-09-03;2913804;291380;IPECAETÁ;Ipecaetá;Centro-leste;Feira de Santana;-39,326986;-12,307419;488;0;488;475;0;13;11;14354;0;2,66;3399,75
2021-09-03;2913903;291390;IPIAÚ;Ipiaú;Sul;Jequié;-39,726505;-14,054873;3339;3;3342;3255;1;83;0;45922;0;2,49;7271,02
2021-09-03;2914000;291400;IPIRÁ;Ipirá;Centro-leste;Feira de Santana;-39,777143;-12,211242;2601;0;2601;2540;0;66;4;59435;0;2,54;4376,21
2021-09-03;2914109;291410;IPUPIARA;Ipupiara;Oeste;Ibotirama;-42,501843;-11,835873;270;0;270;266;0;6;29;9911;0;2,22;2724,25
2021-09-03;2914208;291420;IRAJUBA;Irajuba;Sul;Jequié;-40,052295;-13,230719;339;0;339;337;0;2;8;7279;0;0,59;4657,23
2021-09-03;2914307;291430;IRAMAIA;Iramaia;Sul;Jequié;-40,920822;-13,468639;438;0;438;421;2;15;0;8197;0;3,42;5343,42
2021-09-03;2914406;291440;IRAQUARA;Iraquara;Centro-leste;Seabra;-41,583095;-12,248341;1741;0;1741;1714;10;17;0;25478;0;0,98;6833,35
2021-09-03;2914505;291450;IRARÁ;Irará;Centro-leste;Feira de Santana;-38,753895;-12,046429;2010;1;2011;1973;8;29;0;29173;0;1,44;6889,93
2021-09-03;2914604;291460;IRECÊ;Irecê;Centro-norte;Irecê;-41,838969;-11,309449;10300;0;10300;10122;26;152;0;73524;0;1,48;14009,03
2021-09-03;2914653;291465;ITABELA;Itabela;Extremo sul;Porto Seguro;-39,551337;-16,662903;1849;0;1849;1777;0;72;2;30747;0;3,89;6013,59
2021-09-03;2914703;291470;ITABERABA;Itaberaba;Centro-leste;Itaberaba;-40,262264;-12,499097;7337;33;7370;7208;0;144;0;64646;1;1,96;11349,5
2021-09-03;2914802;291480;ITABUNA;Itabuna;Sul;Itabuna;-39,312807;-14,851648;34040;4;34044;33212;139;689;0;213685;0;2,02;15929,99
2021-09-03;2914901;291490;ITACARÉ;Itacaré;Sul;Ilhéus;-39,157795;-14,362094;1225;0;1225;1201;0;26;28;28684;0;2,12;4270,67
2021-09-03;2915007;291500;ITAETÉ;Itaeté;Centro-leste;Itaberaba;-41,040418;-13,091757;418;0;418;409;0;10;13;16110;0;2,39;2594,66
2021-09-03;2915106;291510;ITAGI;Itagi;Sul;Jequié;-40,024851;-14,162264;946;0;946;916;8;22;2;12242;0;2,33;7727,5
2021-09-03;2915205;291520;ITAGIBÁ;Itagibá;Sul;Jequié;-39,830454;-14,252567;1244;0;1244;1209;7;28;1;14452;0;2,25;8607,81
2021-09-03;2915304;291530;ITAGIMIRIM;Itagimirim;Extremo sul;Porto Seguro;-39,737985;-16,096336;675;0;675;661;0;15;15;6825;0;2,22;9890,11
2021-09-03;2915353;291535;ITAGUAÇU DA BAHIA;Itaguaçu da Bahia;Centro-norte;Irecê;-42,238987;-10,769724;650;1;651;625;17;8;0;14542;0;1,23;4469,81
2021-09-03;2915403;291540;ITAJU DO COLÔNIA;Itaju do Colônia;Sul;Itabuna;-39,731652;-15,148336;410;0;410;404;0;6;6;6596;0;1,46;6215,89
2021-09-03;2915502;291550;ITAJUÍPE;Itajuípe;Sul;Itabuna;-39,4449;-14,671518;2734;0;2734;2671;8;55;0;20398;0;2,01;13403,27
2021-09-03;2915601;291560;ITAMARAJU;Itamaraju;Extremo sul;Teixeira de Freitas;-39,764796;-17,008757;7781;7;7788;7597;31;153;0;64455;0;1,97;12071,99
2021-09-03;2915700;291570;ITAMARI;Itamari;Sul;Jequié;-39,667054;-13,766584;555;0;555;541;4;10;6;8003;0;1,8;6934,9
2021-09-03;2915809;291580;ITAMBÉ;Itambé;Sudoeste;Itapetinga;-40,462594;-15,158114;1854;0;1854;1835;0;20;1;22754;0;1,08;8148,02
2021-09-03;2915908;291590;ITANAGRA;Itanagra;Nordeste;Alagoinhas;-38,042503;-12,31533;306;0;306;297;1;8;14;6436;0;2,61;4754,51
2021-09-03;2916005;291600;ITANHÉM;Itanhém;Extremo sul;Teixeira de Freitas;-40,378352;-17,115408;1357;0;1357;1318;0;39;2;19316;0;2,87;7025,26
2021-09-03;2916104;291610;ITAPARICA;Itaparica;Leste;Salvador;-38,656873;-12,892612;1416;0;1416;1374;4;38;1;22337;0;2,68;6339,26
2021-09-03;2916203;291620;ITAPÉ;Itapé;Sul;Itabuna;-39,495903;-14,954378;787;0;787;760;0;27;3;8526;0;3,43;9230,59
2021-09-03;2916302;291630;ITAPEBI;Itapebi;Extremo sul;Porto Seguro;-39,653153;-15,91211;688;0;688;666;0;23;5;10215;0;3,34;6735,19
2021-09-03;2916401;291640;ITAPETINGA;Itapetinga;Sudoeste;Itapetinga;-40,057515;-15,29928;5516;0;5516;5361;19;136;0;76795;0;2,47;7182,76
2021-09-03;2916500;291650;ITAPICURU;Itapicuru;Nordeste;Alagoinhas;-38,194311;-11,192021;1599;1;1600;1574;0;25;1;35883;0;1,56;4456,15
2021-09-03;2916609;291660;ITAPITANGA;Itapitanga;Sul;Itabuna;-39,619958;-14,472907;930;0;930;915;0;15;4;10298;0;1,61;9030,88
2021-09-03;2916708;291670;ITAQUARA;Itaquara;Sul;Jequié;-39,898458;-13,448891;696;0;696;687;0;9;34;8347;0;1,29;8338,33
2021-09-03;2916807;291680;ITARANTIM;Itarantim;Sudoeste;Itapetinga;-40,049147;-15,697738;723;0;723;702;0;23;14;19843;0;3,18;3643,6
2021-09-03;2916856;291685;ITATIM;Itatim;Leste;Santo Antônio de Jesus;-39,734692;-12,71284;853;0;853;826;1;26;5;14539;0;3,05;5866,98
2021-09-03;2916906;291690;ITIRUÇU;Itiruçu;Sul;Jequié;-40,153071;-13,487525;1002;0;1002;971;9;22;0;12528;0;2,2;7998,08
2021-09-03;2917003;291700;ITIÚBA;Itiúba;Norte;Senhor do Bonfim;-39,845358;-10,731374;1657;0;1657;1619;0;38;2;36116;0;2,29;4587,99
2021-09-03;2917102;291710;ITORORÓ;Itororó;Sudoeste;Itapetinga;-40,007204;-15,048842;3214;1;3215;3179;1;34;6;20388;0;1,06;15764,18
2021-09-03;2917201;291720;ITUAÇU;Ituaçu;Sudoeste;Brumado;-41,390007;-13,837101;1888;0;1888;1859;4;25;0;19030;0;1,32;9921,18
2021-09-03;2917300;291730;ITUBERÁ;Ituberá;Sul;Valença;-39,15295;-13,749335;1886;0;1886;1829;6;51;13;28740;0;2,7;6562,28
2021-09-03;2917334;291733;IUIÚ;Iuiú;Sudoeste;Guanambi;-43,543207;-14,466472;940;0;940;926;3;11;1;11016;0;1,17;8533,04
2021-09-03;2917359;291735;JABORANDI;Jaborandi;Oeste;Santa Maria da Vitória;-45,442709;-14,033288;748;0;748;733;5;10;0;8277;0;1,34;9037,09
2021-09-03;2917409;291740;JACARACI;Jacaraci;Sudoeste;Guanambi;-42,322286;-14,784849;815;0;815;789;9;17;1;14850;0;2,09;5488,22
2021-09-03;2917508;291750;JACOBINA;Jacobina;Centro-norte;Jacobina;-40,568546;-11,13492;7037;10;7047;6928;4;105;0;80635;0;1,49;8726,98
2021-09-03;2917607;291760;JAGUAQUARA;Jaguaquara;Sul;Jequié;-39,957039;-13,55388;6143;0;6143;6073;5;65;8;54673;0;1,06;11235,89
2021-09-03;2917706;291770;JAGUARARI;Jaguarari;Norte;Senhor do Bonfim;-40,068348;-10,042621;2197;0;2197;2148;0;50;0;33746;0;2,28;6510,4
2021-09-03;2917805;291780;JAGUARIPE;Jaguaripe;Leste;Santo Antônio de Jesus;-38,986515;-13,121259;1038;0;1038;1020;0;20;16;18981;0;1,93;5468,63
2021-09-03;2917904;291790;JANDAÍRA;Jandaíra;Nordeste;Alagoinhas;-37,594356;-11,597778;633;0;633;618;2;13;19;10726;0;2,05;5901,55
2021-09-03;2918001;291800;JEQUIÉ;Jequié;Sul;Jequié;-40,146131;-13,877607;17988;2;17990;17589;9;390;0;156126;0;2,17;11521,46
2021-09-03;2918100;291810;JEREMOABO;Jeremoabo;Norte;Paulo Afonso;-38,552526;-9,940661;2246;0;2246;2191;8;47;1;40651;0;2,09;5525,08
2021-09-03;2918209;291820;JIQUIRIÇÁ;Jiquiriçá;Leste;Santo Antônio de Jesus;-39,584656;-13,324538;1045;0;1045;1019;0;27;0;14557;0;2,58;7178,68
2021-09-03;2918308;291830;JITAÚNA;Jitaúna;Sul;Jequié;-39,86666;-13,957972;981;0;981;953;0;28;3;10808;0;2,85;9076,61
2021-09-03;2918357;291835;JOÃO DOURADO;João Dourado;Centro-norte;Irecê;-41,567214;-11,220169;1749;0;1749;1702;0;48;1;25402;0;2,74;6885,28
2021-09-03;2918407;291840;JUAZEIRO;Juazeiro;Norte;Juazeiro;-40,27466;-9,55688;17335;10;17345;16903;41;391;0;218162;0;2,26;7945,93
2021-09-03;2918456;291845;JUCURUÇU;Jucuruçu;Extremo sul;Teixeira de Freitas;-40,100747;-16,845586;917;0;917;906;0;11;0;8988;0;1,2;10202,49
2021-09-03;2918506;291850;JUSSARA;Jussara;Centro-norte;Irecê;-41,880302;-10,925533;705;0;705;690;5;10;0;15262;0;1,42;4619,32
2021-09-03;2918555;291855;JUSSARI;Jussari;Sul;Itabuna;-39,498022;-15,136642;654;0;654;643;0;11;2;5768;0;1,68;11338,42
2021-09-03;2918605;291860;JUSSIAPE;Jussiape;Sudoeste;Brumado;-41,598876;-13,511311;367;0;367;360;0;9;4;5976;0;2,45;6141,23
2021-09-03;2918704;291870;LAFAIETE COUTINHO;Lafaiete Coutinho;Sul;Jequié;-40,292581;-13,641588;435;0;435;429;0;6;1;3693;0;1,38;11779,04
2021-09-03;2918753;291875;LAGOA REAL;Lagoa Real;Sudoeste;Guanambi;-42,219603;-14,047295;852;1;853;821;22;9;0;15770;0;1,06;5402,66
2021-09-03;2918803;291880;LAJE;Laje;Leste;Santo Antônio de Jesus;-39,346418;-13,166984;1922;0;1922;1889;0;33;10;24032;0;1,72;7997,67
2021-09-03;2918902;291890;LAJEDÃO;Lajedão;Extremo sul;Teixeira de Freitas;-40,309827;-17,559587;472;0;472;462;2;8;9;3975;0;1,69;11874,21
2021-09-03;2919009;291900;LAJEDINHO;Lajedinho;Centro-leste;Itaberaba;-40,963446;-12,380974;297;0;297;297;0;1;36;3758;0;0,34;7903,14
2021-09-03;2919058;291905;LAJEDO DO TABOCAL;Lajedo do Tabocal;Sul;Jequié;-40,282259;-13,460225;701;0;701;685;2;14;1;8577;0;2;8173,02
2021-09-03;2919108;291910;LAMARÃO;Lamarão;Centro-leste;Serrinha;-38,909962;-11,785909;421;2;423;409;5;7;2;8191;0;1,66;5139,79
2021-09-03;2919157;291915;LAPÃO;Lapão;Centro-norte;Irecê;-41,77669;-11,501287;2252;7;2259;2220;0;35;0;27274;0;1,55;8256,95
2021-09-03;2919207;291920;LAURO DE FREITAS;Lauro de Freitas;Leste;Salvador;-38,327273;-12,863213;23051;6;23057;22443;79;529;0;201635;0;2,29;11432,04
2021-09-03;2919306;291930;LENÇÓIS;Lençóis;Centro-leste;Seabra;-41,337293;-12,424989;1010;0;1010;993;0;18;2;11499;0;1,78;8783,37
2021-09-03;2919405;291940;LICÍNIO DE ALMEIDA;Licínio de Almeida;Sudoeste;Guanambi;-42,470101;-14,586021;451;0;451;440;1;10;8;12373;0;2,22;3645,03
2021-09-03;2919504;291950;LIVRAMENTO DE NOSSA SENHORA;Livramento de Nossa Senhora;Sudoeste;Brumado;-41,990849;-13,810688;3301;3;3304;3231;1;69;0;46062;0;2,09;7166,43
2021-09-03;2919553;291955;LUÍS EDUARDO MAGALHÃES;Luís Eduardo Magalhães;Oeste;Barreiras;-46,013079;-12,193702;13208;30;13238;13050;16;142;0;90162;0;1,08;14649,19
2021-09-03;2919603;291960;MACAJUBA;Macajuba;Centro-leste;Itaberaba;-40,262256;-12,129296;752;0;752;732;12;8;0;11332;1;1,06;6636,07
2021-09-03;2919702;291970;MACARANI;Macarani;Sudoeste;Itapetinga;-40,400968;-15,545818;908;0;908;884;1;23;0;18909;0;2,53;4801,95
2021-09-03;2919801;291980;MACAÚBAS;Macaúbas;Sudoeste;Brumado;-42,692918;-13,108138;2365;0;2365;2336;6;23;0;50161;0;0,97;4714,82
2021-09-03;2919900;291990;MACURURÉ;Macururé;Norte;Paulo Afonso;-38,896729;-9,291078;333;0;333;322;3;8;16;7787;0;2,4;4276,36
2021-09-03;2919926;291992;MADRE DE DEUS;Madre de Deus;Leste;Salvador;-38,642732;-12,741114;2843;0;2843;2789;7;47;0;21432;0;1,65;13265,21
2021-09-03;2919959;291995;MAETINGA;Maetinga;Sudoeste;Vitória da Conquista;-41,516221;-14,655594;294;0;294;286;1;7;6;2764;0;2,38;10636,76
2021-09-03;2920007;292000;MAIQUINIQUE;Maiquinique;Sudoeste;Itapetinga;-40,269103;-15,674;796;0;796;785;0;12;16;10206;0;1,51;7799,33
2021-09-03;2920106;292010;MAIRI;Mairi;Centro-norte;Jacobina;-40,180633;-11,731684;1310;0;1310;1297;0;16;9;18602;0;1,22;7042,25
2021-09-03;2920205;292020;MALHADA;Malhada;Sudoeste;Guanambi;-43,646023;-14,217166;519;0;519;500;0;22;12;16861;0;4,24;3078,11
2021-09-03;2920304;292030;MALHADA DE PEDRAS;Malhada de Pedras;Sudoeste;Brumado;-41,845423;-14,35221;445;0;445;436;0;9;1;8359;0;2,02;5323,6
2021-09-03;2920403;292040;MANOEL VITORINO;Manoel Vitorino;Sul;Jequié;-40,547598;-14,050875;1324;1;1325;1293;0;32;7;13087;0;2,42;10116,91
2021-09-03;2920452;292045;MANSIDÃO;Mansidão;Oeste;Barreiras;-44,108375;-11,128067;218;0;218;213;0;7;9;13734;0;3,21;1587,3
2021-09-03;2920502;292050;MARACÁS;Maracás;Sul;Jequié;-40,555233;-13,495182;3725;1;3726;3656;0;72;0;20393;0;1,93;18266,07
2021-09-03;2920601;292060;MARAGOGIPE;Maragogipe;Leste;Cruz das Almas;-38,938094;-12,823065;2348;0;2348;2301;0;48;0;44793;0;2,04;5241,89
2021-09-03;2920700;292070;MARAÚ;Maraú;Sul;Itabuna;-39,150518;-14,155713;1761;0;1761;1740;2;19;6;20617;0;1,08;8541,49
2021-09-03;2920809;292080;MARCIONÍLIO SOUZA;Marcionílio Souza;Centro-leste;Itaberaba;-40,675298;-13,140047;579;0;579;562;0;19;15;10380;0;3,28;5578,03
2021-09-03;2920908;292090;MASCOTE;Mascote;Sul;Ilhéus;-39,420513;-15,666085;821;0;821;797;1;23;1;13717;0;2,8;5985,27
2021-09-03;2921005;292100;MATA DE SÃO JOÃO;Mata de São João;Leste;Camaçari;-38,148861;-12,483976;4390;1;4391;4306;19;65;0;47126;0;1,48;9315,45
2021-09-03;2921054;292105;MATINA;Matina;Sudoeste;Guanambi;-42,940068;-13,848844;459;0;459;452;0;9;2;12283;0;1,96;3736,87
2021-09-03;2921104;292110;MEDEIROS NETO;Medeiros Neto;Extremo sul;Teixeira de Freitas;-40,285633;-17,361298;2791;1;2792;2705;30;56;0;22716;0;2,01;12286,49
2021-09-03;2921203;292120;MIGUEL CALMON;Miguel Calmon;Centro-norte;Jacobina;-40,624217;-11,420634;2649;1;2650;2609;10;30;0;25894;0;1,13;10230,17
2021-09-03;2921302;292130;MILAGRES;Milagres;Leste;Santo Antônio de Jesus;-39,797586;-12,899946;649;0;649;640;2;7;5;10893;1;1,08;5957,95
2021-09-03;2921401;292140;MIRANGABA;Mirangaba;Centro-norte;Jacobina;-40,714509;-10,776985;525;0;525;519;0;8;19;18474;0;1,52;2841,83
2021-09-03;2921450;292145;MIRANTE;Mirante;Sudoeste;Vitória da Conquista;-40,764087;-14,167821;528;0;528;517;3;8;0;8447;0;1,52;6250,74
2021-09-03;2921500;292150;MONTE SANTO;Monte Santo;Centro-leste;Serrinha;-39,454202;-10,382988;1517;0;1517;1453;0;64;2;49278;0;4,22;3078,45
2021-09-03;2921609;292160;MORPARÁ;Morpará;Oeste;Ibotirama;-43,039818;-11,75079;329;0;329;316;0;14;11;8497;0;4,26;3871,95
2021-09-03;2921708;292170;MORRO DO CHAPÉU;Morro do Chapéu;Centro-norte;Jacobina;-41,16706;-11,464875;2624;0;2624;2586;10;28;2;35440;0;1,07;7404,06
2021-09-03;2921807;292180;MORTUGABA;Mortugaba;Sudoeste;Guanambi;-42,320291;-14,972641;960;0;960;946;1;13;3;12052;0;1,35;7965,48
2021-09-03;2921906;292190;MUCUGÊ;Mucugê;Centro-leste;Seabra;-41,474908;-13,065099;564;0;564;553;0;11;1;8889;0;1,95;6344,92
2021-09-03;2922003;292200;MUCURI;Mucuri;Extremo sul;Teixeira de Freitas;-39,867012;-18,059175;3844;3;3847;3767;13;64;0;42251;1;1,66;9098,01
2021-09-03;2922052;292205;MULUNGU DO MORRO;Mulungu do Morro;Centro-norte;Irecê;-41,523939;-11,977766;633;0;633;619;2;12;7;10673;0;1,9;5930,85
2021-09-03;2922102;292210;MUNDO NOVO;Mundo Novo;Centro-leste;Feira de Santana;-40,559365;-11,952823;894;0;894;886;0;8;12;26970;0;0,89;3314,79
2021-09-03;2922201;292220;MUNIZ FERREIRA;Muniz Ferreira;Leste;Santo Antônio de Jesus;-39,087693;-13,002487;932;0;932;929;0;3;17;7443;0;0,32;12521,83
2021-09-03;2922250;292225;MUQUÉM DE SÃO FRANCISCO;Muquém de São Francisco;Oeste;Ibotirama;-43,498618;-12,211864;658;0;658;650;0;8;4;11417;0;1,22;5763,34
2021-09-03;2922300;292230;MURITIBA;Muritiba;Leste;Cruz das Almas;-39,086288;-12,621753;2376;0;2376;2337;11;28;0;29410;0;1,18;8078,88
2021-09-03;2922409;292240;MUTUÍPE;Mutuípe;Leste;Santo Antônio de Jesus;-39,506624;-13,311879;2291;0;2291;2264;2;25;14;22282;0;1,09;10281,84
2021-09-03;2922508;292250;NAZARÉ;Nazaré;Leste;Santo Antônio de Jesus;-38,980867;-12,953683;2758;0;2758;2710;0;48;12;28594;0;1,74;9645,38
2021-09-03;2922607;292260;NILO PEÇANHA;Nilo Peçanha;Sul;Valença;-39,174237;-13,659996;670;0;670;652;2;16;1;14079;0;2,39;4758,86
2021-09-03;2922656;292265;NORDESTINA;Nordestina;Centro-leste;Serrinha;-39,451411;-10,873094;661;0;661;631;1;29;2;13164;0;4,39;5021,27
2021-09-03;2922706;292270;NOVA CANAÃ;Nova Canaã;Sudoeste;Itapetinga;-40,180328;-14,857518;709;0;709;688;0;22;9;16472;0;3,1;4304,27
2021-09-03;2922730;292273;NOVA FÁTIMA;Nova Fátima;Centro-leste;Feira de Santana;-39,635619;-11,621358;611;10;621;558;48;5;0;7821;0;0,82;7812,3
2021-09-03;2922755;292275;NOVA IBIÁ;Nova Ibiá;Sul;Valença;-39,582809;-13,824994;606;0;606;587;0;22;16;6554;0;3,63;9246,26
2021-09-03;2922805;292280;NOVA ITARANA;Nova Itarana;Sul;Jequié;-40,034579;-13,046495;758;0;758;747;3;8;42;8279;0;1,06;9155,7
2021-09-03;2922854;292285;NOVA REDENÇÃO;Nova Redenção;Centro-leste;Itaberaba;-41,091235;-12,800116;214;0;214;211;0;4;20;9123;0;1,87;2345,72
2021-09-03;2922904;292290;NOVA SOURE;Nova Soure;Nordeste;Ribeira do Pombal;-38,556622;-11,302698;824;0;824;798;0;27;2;26998;0;3,28;3052,08
2021-09-03;2923001;292300;NOVA VIÇOSA;Nova Viçosa;Extremo sul;Teixeira de Freitas;-39,715402;-17,899666;2733;1;2734;2674;10;49;0;43783;0;1,79;6242,15
2021-09-03;2923035;292303;NOVO HORIZONTE;Novo Horizonte;Centro-leste;Seabra;-42,128664;-12,840873;446;0;446;415;23;8;0;12522;0;1,79;3561,73
2021-09-03;2923050;292305;NOVO TRIUNFO;Novo Triunfo;Nordeste;Ribeira do Pombal;-38,449429;-10,36816;654;0;654;650;0;7;1;15443;0;1,07;4234,93
2021-09-03;2923100;292310;OLINDINA;Olindina;Nordeste;Ribeira do Pombal;-38,354792;-11,434911;1461;0;1461;1437;0;24;6;28304;0;1,64;5161,81
2021-09-03;2923209;292320;OLIVEIRA DOS BREJINHOS;Oliveira dos Brejinhos;Oeste;Ibotirama;-42,734881;-12,283355;1136;2;1138;1111;7;18;0;21810;0;1,58;5208,62
2021-09-03;2923308;292330;OURIÇANGAS;Ouriçangas;Nordeste;Alagoinhas;-38,653673;-12,009336;542;0;542;533;0;10;19;8570;0;1,85;6324,39
2021-09-03;2923357;292335;OUROLÂNDIA;Ourolândia;Centro-norte;Jacobina;-41,137091;-10,847911;1713;0;1713;1697;2;14;18;17511;0;0,82;9782,42
2021-09-03;2923407;292340;PALMAS DE MONTE ALTO;Palmas de Monte Alto;Sudoeste;Guanambi;-43,217804;-14,175408;1012;0;1012;982;13;17;0;21796;0;1,68;4643,05
2021-09-03;2923506;292350;PALMEIRAS;Palmeiras;Centro-leste;Seabra;-41,553922;-12,552429;299;3;302;290;2;7;0;9071;0;2,34;3296,22
2021-09-03;2923605;292360;PARAMIRIM;Paramirim;Sudoeste;Brumado;-42,240359;-13,519656;659;0;659;641;0;20;2;21695;0;3,03;3037,57
2021-09-03;2923704;292370;PARATINGA;Paratinga;Oeste;Ibotirama;-43,064445;-12,690719;1633;0;1633;1602;0;32;0;32141;0;1,96;5080,74
2021-09-03;2923803;292380;PARIPIRANGA;Paripiranga;Nordeste;Ribeira do Pombal;-37,900819;-10,616713;1404;1;1405;1363;10;31;0;29058;0;2,21;4831,72
2021-09-03;2923902;292390;PAU BRASIL;Pau Brasil;Sul;Itabuna;-39,690474;-15,468285;1001;0;1001;974;2;25;12;9686;0;2,5;10334,5
2021-09-03;2924009;292400;PAULO AFONSO;Paulo Afonso;Norte;Paulo Afonso;-38,293546;-9,539588;8804;2;8806;8559;12;233;0;118516;0;2,65;7428,53
2021-09-03;2924058;292405;PÉ DE SERRA;Pé de Serra;Centro-leste;Feira de Santana;-39,609677;-11,872035;1566;1;1567;1488;69;9;1;13556;0;0,57;11552,08
2021-09-03;2924108;292410;PEDRÃO;Pedrão;Nordeste;Alagoinhas;-38,640544;-12,12957;336;0;336;333;0;3;9;7394;0;0,89;4544,23
2021-09-03;2924207;292420;PEDRO ALEXANDRE;Pedro Alexandre;Norte;Paulo Afonso;-37,950336;-10,063191;550;0;550;542;0;9;15;16682;0;1,64;3296,97
2021-09-03;2924306;292430;PIATÃ;Piatã;Centro-leste;Seabra;-41,877448;-13,04604;1386;0;1386;1356;0;30;4;16984;0;2,16;8160,62
2021-09-03;2924405;292440;PILÃO ARCADO;Pilão Arcado;Norte;Juazeiro;-43,116428;-10,007667;689;0;689;673;0;18;13;35175;0;2,61;1958,78
2021-09-03;2924504;292450;PINDAÍ;Pindaí;Sudoeste;Guanambi;-42,678568;-14,471618;899;0;899;882;6;11;0;16285;0;1,22;5520,42
2021-09-03;2924603;292460;PINDOBAÇU;Pindobaçu;Norte;Senhor do Bonfim;-40,340971;-10,72387;1636;0;1636;1604;1;31;12;20098;0;1,89;8140,11
2021-09-03;2924652;292465;PINTADAS;Pintadas;Centro-leste;Feira de Santana;-39,897979;-11,868874;947;0;947;934;6;7;0;10394;0;0,74;9111,03
2021-09-03;2924678;292467;PIRAÍ DO NORTE;Piraí do Norte;Sul;Valença;-39,376851;-13,805445;935;0;935;923;0;12;4;10036;0;1,28;9316,46
2021-09-03;2924702;292470;PIRIPÁ;Piripá;Sudoeste;Vitória da Conquista;-41,716107;-15,003902;995;0;995;989;0;8;24;10475;0;0,8;9498,81
2021-09-03;2924801;292480;PIRITIBA;Piritiba;Centro-norte;Jacobina;-40,605378;-11,694956;757;0;757;742;0;15;1;24964;0;1,98;3032,37
2021-09-03;2924900;292490;PLANALTINO;Planaltino;Sul;Jequié;-40,303187;-13,186496;623;0;623;615;0;10;34;9370;0;1,61;6648,88
2021-09-03;2925006;292500;PLANALTO;Planalto;Sudoeste;Vitória da Conquista;-40,457387;-14,708578;1881;0;1881;1845;5;31;0;26426;0;1,65;7117,99
2021-09-03;2925105;292510;POÇÕES;Poções;Sudoeste;Vitória da Conquista;-40,382614;-14,536483;3882;0;3882;3808;0;79;2;46879;0;2,04;8280,89
2021-09-03;2925204;292520;POJUCA;Pojuca;Leste;Camaçari;-38,252964;-12,361734;3748;0;3748;3688;9;51;0;39972;0;1,36;9376,56
2021-09-03;2925253;292525;PONTO NOVO;Ponto Novo;Norte;Senhor do Bonfim;-40,105711;-10,958925;689;0;689;678;1;10;0;14819;0;1,45;4649,44
2021-09-03;2925303;292530;PORTO SEGURO;Porto Seguro;Extremo sul;Porto Seguro;-39,279104;-16,625016;11266;6;11272;10963;72;231;0;150658;0;2,05;7477,86
2021-09-03;2925402;292540;POTIRAGUÁ;Potiraguá;Sudoeste;Itapetinga;-39,772076;-15,681223;527;0;527;516;0;12;19;6916;0;2,28;7620,01
2021-09-03;2925501;292550;PRADO;Prado;Extremo sul;Teixeira de Freitas;-39,352013;-17,129693;2229;3;2232;2154;19;56;0;28194;0;2,51;7905,94
2021-09-03;2925600;292560;PRESIDENTE DUTRA;Presidente Dutra;Centro-norte;Irecê;-41,99531;-11,303399;1514;0;1514;1491;0;26;4;15160;0;1,72;9986,81
2021-09-03;2925709;292570;PRESIDENTE JÂNIO QUADROS;Presidente Jânio Quadros;Sudoeste;Vitória da Conquista;-41,72582;-14,696427;719;0;719;707;0;12;13;12179;0;1,67;5903,6
2021-09-03;2925758;292575;PRESIDENTE TANCREDO NEVES;Presidente Tancredo Neves;Leste;Santo Antônio de Jesus;-39,417648;-13,449235;1820;0;1820;1772;7;41;2;28004;0;2,25;6499,07
2021-09-03;2925808;292580;QUEIMADAS;Queimadas;Centro-leste;Serrinha;-39,752452;-11,056724;1545;0;1545;1504;2;39;0;25433;0;2,52;6074,78
2021-09-03;2925907;292590;QUIJINGUE;Quijingue;Centro-leste;Serrinha;-39,049783;-10,778079;498;1;499;481;0;20;10;27626;0;4,02;1802,65
2021-09-03;2925931;292593;QUIXABEIRA;Quixabeira;Centro-norte;Jacobina;-40,118614;-11,392515;815;0;815;807;0;8;20;8956;0;0,98;9100,04
2021-09-03;2925956;292595;RAFAEL JAMBEIRO;Rafael Jambeiro;Centro-leste;Feira de Santana;-39,574079;-12,478738;1281;1;1282;1251;5;25;0;22633;0;1,95;5659,88
2021-09-03;2926004;292600;REMANSO;Remanso;Norte;Juazeiro;-42,25422;-9,598436;2053;0;2053;1988;0;69;0;41170;0;3,36;4986,64
2021-09-03;2926103;292610;RETIROLÂNDIA;Retirolândia;Centro-leste;Serrinha;-39,416695;-11,503042;1637;0;1637;1621;3;13;10;14495;0;0,79;11293,55
2021-09-03;2926202;292620;RIACHÃO DAS NEVES;Riachão das Neves;Oeste;Barreiras;-45,217792;-11,623038;1467;0;1467;1420;2;45;1;22334;0;3,07;6568,46
2021-09-03;2926301;292630;RIACHÃO DO JACUÍPE;Riachão do Jacuípe;Centro-leste;Feira de Santana;-39,423475;-11,801011;4353;12;4365;4303;5;45;0;33468;0;1,03;13006,45
2021-09-03;2926400;292640;RIACHO DE SANTANA;Riacho de Santana;Sudoeste;Guanambi;-43,049694;-13,633176;1834;0;1834;1793;0;41;4;35593;0;2,24;5152,7
2021-09-03;2926509;292650;RIBEIRA DO AMPARO;Ribeira do Amparo;Nordeste;Ribeira do Pombal;-38,383809;-10,972639;1058;0;1058;1045;4;9;10;14612;0;0,85;7240,62
2021-09-03;2926608;292660;RIBEIRA DO POMBAL;Ribeira do Pombal;Nordeste;Ribeira do Pombal;-38,551265;-10,797554;5450;0;5450;5375;3;72;0;53956;0;1,32;10100,82
2021-09-03;2926657;292665;RIBEIRÃO DO LARGO;Ribeirão do Largo;Sudoeste;Vitória da Conquista;-40,651847;-15,427224;455;0;455;448;0;9;2;5343;0;1,98;8515,82
2021-09-03;2926707;292670;RIO DE CONTAS;Rio de Contas;Sudoeste;Brumado;-41,746577;-13,581612;719;0;719;709;3;7;1;12932;0;0,97;5559,85
2021-09-03;2926806;292680;RIO DO ANTÔNIO;Rio do Antônio;Sudoeste;Guanambi;-42,084136;-14,310255;1035;1;1036;1015;3;17;6;15448;0;1,64;6699,9
2021-09-03;2926905;292690;RIO DO PIRES;Rio do Pires;Sudoeste;Brumado;-42,147712;-13,134756;322;0;322;313;0;11;16;11663;0;3,42;2760,87
2021-09-03;2927002;292700;RIO REAL;Rio Real;Nordeste;Alagoinhas;-37,912748;-11,547921;3102;0;3102;3053;3;46;2;40976;0;1,48;7570,29
2021-09-03;2927101;292710;RODELAS;Rodelas;Norte;Paulo Afonso;-38,692464;-9,183933;329;0;329;322;0;7;11;9442;0;2,13;3484,43
2021-09-03;2927200;292720;RUY BARBOSA;Ruy Barbosa;Centro-leste;Itaberaba;-40,629652;-12,243549;2571;2;2573;2537;1;33;0;30857;0;1,28;8331,98
2021-09-03;2927309;292730;SALINAS DA MARGARIDA;Salinas da Margarida;Leste;Santo Antônio de Jesus;-38,758373;-12,885294;1505;0;1505;1487;0;21;20;15862;0;1,4;9488,08
2021-09-03;2927408;292740;SALVADOR;Salvador;Leste;Salvador;-38,51462;-12,873507;235147;6;235153;226916;376;7855;0;2886698;13;3,34;8145,88
2021-09-03;2927507;292750;SANTA BÁRBARA;Santa Bárbara;Centro-leste;Feira de Santana;-38,982309;-11,939431;1339;0;1339;1319;0;23;0;20883;0;1,72;6411,91
2021-09-03;2927606;292760;SANTA BRÍGIDA;Santa Brígida;Norte;Paulo Afonso;-38,150149;-9,763086;972;0;972;950;2;20;7;14063;0;2,06;6911,75
2021-09-03;2927705;292770;SANTA CRUZ CABRÁLIA;Santa Cruz Cabrália;Extremo sul;Porto Seguro;-39,200954;-16,229178;2596;0;2596;2554;11;31;0;27922;0;1,19;9297,33
2021-09-03;2927804;292780;SANTA CRUZ DA VITÓRIA;Santa Cruz da Vitória;Sul;Itabuna;-39,814773;-14,891688;649;0;649;641;0;9;28;6278;0;1,39;10337,69
2021-09-03;2927903;292790;SANTA INÊS;Santa Inês;Sul;Jequié;-39,848806;-13,284706;682;0;682;671;0;12;27;10606;0;1,76;6430,32
2021-09-03;2928000;292800;SANTALUZ;Santaluz;Centro-leste;Serrinha;-39,485235;-11,220236;3397;0;3397;3347;0;51;0;37531;0;1,5;9051,18
2021-09-03;2928059;292805;SANTA LUZIA;Santa Luzia;Sul;Ilhéus;-39,244959;-15,448212;1165;0;1165;1131;5;29;1;12449;0;2,49;9358,18
2021-09-03;2928109;292810;SANTA MARIA DA VITÓRIA;Santa Maria da Vitória;Oeste;Santa Maria da Vitória;-44,379979;-13,21835;3071;1;3072;2987;25;59;0;39775;0;1,92;7720,93
2021-09-03;2928208;292820;SANTANA;Santana;Oeste;Santa Maria da Vitória;-43,942383;-13,065657;461;10;471;436;0;34;0;26705;0;7,38;1726,27
2021-09-03;2928307;292830;SANTANÓPOLIS;Santanópolis;Centro-leste;Feira de Santana;-38,862259;-11,975172;710;0;710;696;1;13;6;8966;0;1,83;7918,8
2021-09-03;2928406;292840;SANTA RITA DE CÁSSIA;Santa Rita de Cássia;Oeste;Barreiras;-44,555833;-11,007987;2701;2;2703;2660;3;38;1;28481;1;1,41;9483,52
2021-09-03;2928505;292850;SANTA TERESINHA;Santa Teresinha;Leste;Santo Antônio de Jesus;-39,571741;-12,734162;635;1;636;611;13;11;2;10464;0;1,73;6068,43
2021-09-03;2928604;292860;SANTO AMARO;Santo Amaro;Leste;Salvador;-38,763265;-12,56572;3126;0;3126;3034;6;86;2;60131;0;2,75;5198,65
2021-09-03;2928703;292870;SANTO ANTÔNIO DE JESUS;Santo Antônio de Jesus;Leste;Santo Antônio de Jesus;-39,226621;-13,008297;13146;1;13147;12963;15;168;0;102380;0;1,28;12840,4
2021-09-03;2928802;292880;SANTO ESTÊVÃO;Santo Estêvão;Centro-leste;Feira de Santana;-39,269012;-12,468336;4585;0;4585;4516;4;65;1;53269;0;1,42;8607,26
2021-09-03;2928901;292890;SÃO DESIDÉRIO;São Desidério;Oeste;Barreiras;-45,490189;-12,804393;3290;3;3293;3242;0;48;0;34266;0;1,46;9601,35
2021-09-03;2928950;292895;SÃO DOMINGOS;São Domingos;Centro-leste;Serrinha;-39,580388;-11,454355;1003;1;1004;989;2;12;6;9072;0;1,2;11056
2021-09-03;2929008;292900;SÃO FÉLIX;São Félix;Leste;Cruz das Almas;-38,999026;-12,675042;1009;0;1009;1003;0;10;6;14762;0;0,99;6835,12
2021-09-03;2929057;292905;SÃO FÉLIX DO CORIBE;São Félix do Coribe;Leste;Santa Maria da Vitória;-44,029673;-13,551946;1097;1;1098;1067;4;26;0;15468;0;2,37;7092,06
2021-09-03;2929107;292910;SÃO FELIPE;São Felipe;Oeste;Santo Antônio de Jesus;-39,094662;-12,845312;3406;0;3406;3365;11;30;1;21080;0;0,88;16157,5
2021-09-03;2929206;292920;SÃO FRANCISCO DO CONDE;São Francisco do Conde;Leste;Salvador;-38,632045;-12,650808;3743;0;3743;3671;3;69;0;40245;1;1,84;9300,53
2021-09-03;2929255;292925;SÃO GABRIEL;São Gabriel;Centro-norte;Irecê;-41,698253;-11,066448;1795;1;1796;1771;9;15;0;18789;0;0,84;9553,46
2021-09-03;2929305;292930;SÃO GONÇALO DOS CAMPOS;São Gonçalo dos Campos;Centro-leste;Feira de Santana;-38,941374;-12,417177;2467;0;2467;2433;1;33;0;37942;0;1,34;6502,03
2021-09-03;2929354;292935;SÃO JOSÉ DA VITÓRIA;São José da Vitória;Sul;Itabuna;-39,353795;-15,073448;738;0;738;726;4;8;1;5608;0;1,08;13159,77
2021-09-03;2929370;292937;SÃO JOSÉ DO JACUÍPE;São José do Jacuípe;Centro-norte;Jacobina;-39,910341;-11,440049;468;0;468;467;0;2;16;10505;0;0,43;4455,02
2021-09-03;2929404;292940;SÃO MIGUEL DAS MATAS;São Miguel das Matas;Leste;Santo Antônio de Jesus;-39,42337;-13,054075;887;0;887;875;4;8;0;11704;0;0,9;7578,61
2021-09-03;2929503;292950;SÃO SEBASTIÃO DO PASSÉ;São Sebastião do Passé;Leste;Salvador;-38,498164;-12,517206;3524;7;3531;3435;0;91;1;44430;0;2,58;7931,58
2021-09-03;2929602;292960;SAPEAÇU;Sapeaçu;Leste;Cruz das Almas;-39,212869;-12,725894;1896;0;1896;1876;0;23;0;17409;0;1,21;10890,92
2021-09-03;2929701;292970;SÁTIRO DIAS;Sátiro Dias;Nordeste;Alagoinhas;-38,588847;-11,565622;802;0;802;788;0;14;3;17302;0;1,75;4635,3
2021-09-03;2929750;292975;SAUBARA;Saubara;Leste;Salvador;-38,769328;-12,775374;638;0;638;619;0;19;5;12105;0;2,98;5270,55
2021-09-03;2929800;292980;SAÚDE;Saúde;Centro-norte;Jacobina;-40,381343;-10,912534;647;0;647;640;3;4;6;12943;0;0,62;4998,84
2021-09-03;2929909;292990;SEABRA;Seabra;Centro-leste;Seabra;-41,884755;-12,417698;6042;0;6042;5962;1;79;0;44234;0;1,31;13659,18
2021-09-03;2930006;293000;SEBASTIÃO LARANJEIRAS;Sebastião Laranjeiras;Sudoeste;Guanambi;-43,127285;-14,573409;484;1;485;477;0;9;1;11512;0;1,86;4204,31
2021-09-03;2930105;293010;SENHOR DO BONFIM;Senhor do Bonfim;Norte;Senhor do Bonfim;-40,115243;-10,484163;5091;0;5091;4993;17;81;0;79424;0;1,59;6409,9
2021-09-03;2930154;293015;SERRA DO RAMALHO;Serra do Ramalho;Oeste;Santa Maria da Vitória;-43,676195;-13,484295;754;0;754;722;1;31;6;31416;0;4,11;2400,05
2021-09-03;2930204;293020;SENTO SÉ;Sento Sé;Norte;Juazeiro;-41,638028;-10,101683;987;7;994;956;0;31;0;40989;0;3,14;2407,96
2021-09-03;2930303;293030;SERRA DOURADA;Serra Dourada;Oeste;Santa Maria da Vitória;-43,797591;-12,806269;538;0;538;521;2;15;0;17321;0;2,79;3106,06
2021-09-03;2930402;293040;SERRA PRETA;Serra Preta;Centro-leste;Feira de Santana;-39,378587;-12,095383;875;0;875;854;1;20;20;14699;0;2,29;5952,79
2021-09-03;2930501;293050;SERRINHA;Serrinha;Centro-leste;Serrinha;-38,99379;-11,665667;7609;0;7609;7498;11;100;0;81286;0;1,31;9360,78
2021-09-03;2930600;293060;SERROLÂNDIA;Serrolândia;Centro-norte;Jacobina;-40,260883;-11,429022;1124;0;1124;1108;3;13;4;13446;0;1,16;8359,36
2021-09-03;2930709;293070;SIMÕES FILHO;Simões Filho;Leste;Camaçari;-38,400778;-12,768072;9183;0;9183;8926;19;238;0;135783;0;2,59;6763
2021-09-03;2930758;293075;SÍTIO DO MATO;Sítio do Mato;Oeste;Santa Maria da Vitória;-43,474997;-12,855222;228;1;229;219;1;8;6;13059;0;3,51;1745,92
2021-09-03;2930766;293076;SÍTIO DO QUINTO;Sítio do Quinto;Nordeste;Ribeira do Pombal;-38,156417;-10,328224;583;0;583;573;0;11;20;9701;0;1,89;6009,69
2021-09-03;2930774;293077;SOBRADINHO;Sobradinho;Norte;Juazeiro;-40,863997;-9,645748;1713;0;1713;1654;7;52;0;23233;0;3,04;7373,13
2021-09-03;2930808;293080;SOUTO SOARES;Souto Soares;Centro-leste;Seabra;-41,789614;-12,02762;982;0;982;962;0;22;15;17050;0;2,24;5759,53
2021-09-03;2930907;293090;TABOCAS DO BREJO VELHO;Tabocas do Brejo Velho;Oeste;Barreiras;-44,155648;-12,479855;289;0;289;279;0;11;2;12516;0;3,81;2309,04
2021-09-03;2931004;293100;TANHAÇU;Tanhaçu;Sudoeste;Brumado;-41,195412;-14,145964;1472;1;1473;1443;5;24;5;20393;0;1,63;7218,16
2021-09-03;2931053;293105;TANQUE NOVO;Tanque Novo;Sudoeste;Guanambi;-42,537536;-13,556042;1086;0;1086;1067;5;14;0;17443;0;1,29;6225,99
2021-09-03;2931103;293110;TANQUINHO;Tanquinho;Centro-leste;Feira de Santana;-39,094255;-11,95834;825;0;825;807;2;16;0;7928;0;1,94;10406,16
2021-09-03;2931202;293120;TAPEROÁ;Taperoá;Sul;Valença;-39,227909;-13,572671;1227;0;1227;1192;1;34;1;21253;0;2,77;5773,3
2021-09-03;2931301;293130;TAPIRAMUTÁ;Tapiramutá;Centro-norte;Jacobina;-40,791362;-11,87617;657;1;658;650;1;6;0;16974;0;0,91;3870,63
2021-09-03;2931350;293135;TEIXEIRA DE FREITAS;Teixeira de Freitas;Extremo sul;Teixeira de Freitas;-39,786881;-17,424098;18445;14;18459;18066;73;306;0;162438;0;1,66;11355,1
2021-09-03;2931400;293140;TEODORO SAMPAIO;Teodoro Sampaio;Centro-leste;Feira de Santana;-38,615125;-12,267302;305;0;305;297;0;8;23;7359;0;2,62;4144,58
2021-09-03;2931509;293150;TEOFILÂNDIA;Teofilândia;Centro-leste;Serrinha;-38,950989;-11,470751;1034;0;1034;1013;1;20;1;22555;0;1,93;4584,35
2021-09-03;2931608;293160;TEOLÂNDIA;Teolândia;Sul;Valença;-39,497486;-13,554404;1017;0;1017;1007;0;11;26;15022;0;1,08;6770,07
2021-09-03;2931707;293170;TERRA NOVA;Terra Nova;Centro-leste;Feira de Santana;-38,599769;-12,396818;907;0;907;882;1;24;2;13025;0;2,65;6963,53
2021-09-03;2931806;293180;TREMEDAL;Tremedal;Sudoeste;Vitória da Conquista;-41,471966;-15,05356;754;0;754;739;0;17;2;16189;0;2,25;4657,48
2021-09-03;2931905;293190;TUCANO;Tucano;Centro-leste;Serrinha;-38,811942;-11,033334;3610;0;3610;3546;2;62;0;50798;0;1,72;7106,58
2021-09-03;2932002;293200;UAUÁ;Uauá;Norte;Juazeiro;-39,464074;-9,905838;2993;0;2993;2934;4;55;0;24113;0;1,84;12412,39
2021-09-03;2932101;293210;UBAÍRA;Ubaíra;Leste;Santo Antônio de Jesus;-39,67932;-13,275977;1170;0;1170;1143;0;30;8;19877;0;2,56;5886,2
2021-09-03;2932200;293220;UBAITABA;Ubaitaba;Sul;Itabuna;-39,421811;-14,267538;1249;0;1249;1210;0;41;2;18847;1;3,28;6627,05
2021-09-03;2932309;293230;UBATÃ;Ubatã;Sul;Itabuna;-39,521853;-14,096416;2054;0;2054;1999;6;49;3;27263;0;2,39;7534,02
2021-09-03;2932408;293240;UIBAÍ;Uibaí;Centro-norte;Irecê;-42,103988;-11,379928;1006;0;1006;974;8;24;0;13891;0;2,39;7242,1
2021-09-03;2932457;293245;UMBURANAS;Umburanas;Centro-norte;Jacobina;-41,246863;-10,575849;770;0;770;759;1;10;13;19402;0;1,3;3968,66
2021-09-03;2932507;293250;UNA;Una;Sul;Ilhéus;-39,151395;-15,219145;1657;0;1657;1611;1;45;4;18544;0;2,72;8935,5
2021-09-03;2932606;293260;URANDI;Urandi;Sudoeste;Guanambi;-42,684008;-14,736562;855;0;855;843;3;9;2;16665;0;1,05;5130,51
2021-09-03;2932705;293270;URUÇUCA;Uruçuca;Sul;Ilhéus;-39,231581;-14,527408;2059;0;2059;1984;1;74;16;20413;0;3,59;10086,71
2021-09-03;2932804;293280;UTINGA;Utinga;Centro-leste;Itaberaba;-41,068969;-12,052173;1687;0;1687;1667;3;17;14;19256;0;1,01;8760,91
2021-09-03;2932903;293290;VALENÇA;Valença;Sul;Valença;-39,193921;-13,347412;7975;1;7976;7818;15;142;0;97233;0;1,78;8201,95
2021-09-03;2933000;293300;VALENTE;Valente;Centro-leste;Serrinha;-39,449693;-11,376754;2834;0;2834;2800;6;28;0;28800;0;0,99;9840,28
2021-09-03;2933059;293305;VÁRZEA DA ROÇA;Várzea da Roça;Centro-norte;Jacobina;-40,066703;-11,598455;1087;0;1087;1075;2;10;2;14121;0;0,92;7697,76
2021-09-03;2933109;293310;VÁRZEA DO POÇO;Várzea do Poço;Centro-norte;Jacobina;-40,315682;-11,541103;541;0;541;536;0;5;15;9210;0;0,92;5874,05
2021-09-03;2933158;293315;VÁRZEA NOVA;Várzea Nova;Centro-norte;Jacobina;-41,019918;-11,123051;900;0;900;890;0;10;10;12625;0;1,11;7128,71
2021-09-03;2933174;293317;VARZEDO;Varzedo;Leste;Santo Antônio de Jesus;-39,391754;-12,956569;654;0;654;643;5;6;6;8785;0;0,92;7444,51
2021-09-03;2933208;293320;VERA CRUZ;Vera Cruz;Leste;Salvador;-38,695724;-13,006682;1781;0;1781;1702;0;79;2;43716;0;4,44;4074,02
2021-09-03;2933257;293325;VEREDA;Vereda;Extremo sul;Teixeira de Freitas;-39,96014;-17,189142;624;0;624;596;9;19;0;6153;0;3,04;10141,39
2021-09-03;2933307;293330;VITÓRIA DA CONQUISTA;Vitória da Conquista;Sudoeste;Vitória da Conquista;-40,902081;-14,974801;35662;2;35664;34934;107;621;0;341128;0;1,74;10454,14
2021-09-03;2933406;293340;WAGNER;Wagner;Centro-leste;Itaberaba;-41,145974;-12,231382;960;0;960;949;2;9;24;9344;0;0,94;10273,97
2021-09-03;2933455;293345;WANDERLEY;Wanderley;Oeste;Barreiras;-43,906735;-11,808922;1038;0;1038;1008;0;30;15;12180;0;2,89;8522,17
2021-09-03;2933505;293350;WENCESLAU GUIMARÃES;Wenceslau Guimarães;Sul;Valença;-39,619219;-13,628543;1904;26;1930;1898;0;30;0;20978;0;1,58;9076,18
2021-09-03;2933604;293360;XIQUE-XIQUE;Xique-Xique;Centro-norte;Irecê;-42,780133;-10,984262;3074;0;3074;2985;6;83;0;46523;0;2,7;6607,48
2021-09-03;9999989;999998;OUTROS ESTADOS;;;;NA;NA;11088;0;11088;10807;0;290;0;NA;0;2,62;NA
2021-09-03;9999999;999999;MUNICIPIOS NOVOS COM LPI DIFERENTE DA RESIDÊNCIA*;;;;NA;NA;64;0;64;48;16;0;0;NA;0;0;NA
